Salon Name,Address,Working Hours
Scraper Detected,Scraper Detected,Scraper Detected
Scraper Detected,Scraper Detected,Scraper Detected
Scraper Detected,Scraper Detected,Scraper Detected
Scraper Detected,Scraper Detected,Scraper Detected
Scraper Detected,Scraper Detected,Scraper Detected
Scraper Detected,Scraper Detected,Scraper Detected
Scraper Detected,Scraper Detected,Scraper Detected
Scraper Detected,Scraper Detected,Scraper Detected
Scraper Detected,Scraper Detected,Scraper Detected
Scraper Detected,Scraper Detected,Scraper Detected
Scraper Detected,Scraper Detected,Scraper Detected
Scraper Detected,Scraper Detected,Scraper Detected
Scraper Detected,Scraper Detected,Scraper Detected
Scraper Detected,Scraper Detected,Scraper Detected
Scraper Detected,Scraper Detected,Scraper Detected
Scraper Detected,Scraper Detected,Scraper Detected
Scraper Detected,Scraper Detected,Scraper Detected
Scraper Detected,Scraper Detected,Scraper Detected
Scraper Detected,Scraper Detected,Scraper Detected
Scraper Detected,Scraper Detected,Scraper Detected
Scraper Detected,Scraper Detected,Scraper Detected
Scraper Detected,Scraper Detected,Scraper Detected
Scraper Detected,Scraper Detected,Scraper Detected
Scraper Detected,Scraper Detected,Scraper Detected
Scraper Detected,Scraper Detected,Scraper Detected
Scraper Detected,Scraper Detected,Scraper Detected
Scraper Detected,Scraper Detected,Scraper Detected
Scraper Detected,Scraper Detected,Scraper Detected
Scraper Detected,Scraper Detected,Scraper Detected
Scraper Detected,Scraper Detected,Scraper Detected
Scraper Detected,Scraper Detected,Scraper Detected
Scraper Detected,Scraper Detected,Scraper Detected
Scraper Detected,Scraper Detected,Scraper Detected
Scraper Detected,Scraper Detected,Scraper Detected
Scraper Detected,Scraper Detected,Scraper Detected
Scraper Detected,Scraper Detected,Scraper Detected
Scraper Detected,Scraper Detected,Scraper Detected
Scraper Detected,Scraper Detected,Scraper Detected
Scraper Detected,Scraper Detected,Scraper Detected
Scraper Detected,Scraper Detected,Scraper Detected
Scraper Detected,Scraper Detected,Scraper Detected
Scraper Detected,Scraper Detected,Scraper Detected
Scraper Detected,Scraper Detected,Scraper Detected
Scraper Detected,Scraper Detected,Scraper Detected
Scraper Detected,Scraper Detected,Scraper Detected
Scraper Detected,Scraper Detected,Scraper Detected
Scraper Detected,Scraper Detected,Scraper Detected
Scraper Detected,Scraper Detected,Scraper Detected
Scraper Detected,Scraper Detected,Scraper Detected
Scraper Detected,Scraper Detected,Scraper Detected
Scraper Detected,Scraper Detected,Scraper Detected
Scraper Detected,Scraper Detected,Scraper Detected
Scraper Detected,Scraper Detected,Scraper Detected
Scraper Detected,Scraper Detected,Scraper Detected
Scraper Detected,Scraper Detected,Scraper Detected
Scraper Detected,Scraper Detected,Scraper Detected
Scraper Detected,Scraper Detected,Scraper Detected
Scraper Detected,Scraper Detected,Scraper Detected
Scraper Detected,Scraper Detected,Scraper Detected
Scraper Detected,Scraper Detected,Scraper Detected
Scraper Detected,Scraper Detected,Scraper Detected
Scraper Detected,Scraper Detected,Scraper Detected
Scraper Detected,Scraper Detected,Scraper Detected
Scraper Detected,Scraper Detected,Scraper Detected
Scraper Detected,Scraper Detected,Scraper Detected
Scraper Detected,Scraper Detected,Scraper Detected
Scraper Detected,Scraper Detected,Scraper Detected
Scraper Detected,Scraper Detected,Scraper Detected
Scraper Detected,Scraper Detected,Scraper Detected
Scraper Detected,Scraper Detected,Scraper Detected
Scraper Detected,Scraper Detected,Scraper Detected
Scraper Detected,Scraper Detected,Scraper Detected
Scraper Detected,Scraper Detected,Scraper Detected
Scraper Detected,Scraper Detected,Scraper Detected
Scraper Detected,Scraper Detected,Scraper Detected
Scraper Detected,Scraper Detected,Scraper Detected
Scraper Detected,Scraper Detected,Scraper Detected
Scraper Detected,Scraper Detected,Scraper Detected
Scraper Detected,Scraper Detected,Scraper Detected
Scraper Detected,Scraper Detected,Scraper Detected
Scraper Detected,Scraper Detected,Scraper Detected
Scraper Detected,Scraper Detected,Scraper Detected
Scraper Detected,Scraper Detected,Scraper Detected
Scraper Detected,Scraper Detected,Scraper Detected
Scraper Detected,Scraper Detected,Scraper Detected
Scraper Detected,Scraper Detected,Scraper Detected
Scraper Detected,Scraper Detected,Scraper Detected
Scraper Detected,Scraper Detected,Scraper Detected
Scraper Detected,Scraper Detected,Scraper Detected
Scraper Detected,Scraper Detected,Scraper Detected
Scraper Detected,Scraper Detected,Scraper Detected
Scraper Detected,Scraper Detected,Scraper Detected
Scraper Detected,Scraper Detected,Scraper Detected
Scraper Detected,Scraper Detected,Scraper Detected
Scraper Detected,Scraper Detected,Scraper Detected
Scraper Detected,Scraper Detected,Scraper Detected
Scraper Detected,Scraper Detected,Scraper Detected
Scraper Detected,Scraper Detected,Scraper Detected
Scraper Detected,Scraper Detected,Scraper Detected
Scraper Detected,Scraper Detected,Scraper Detected
Scraper Detected,Scraper Detected,Scraper Detected
Scraper Detected,Scraper Detected,Scraper Detected
Scraper Detected,Scraper Detected,Scraper Detected
Scraper Detected,Scraper Detected,Scraper Detected
Scraper Detected,Scraper Detected,Scraper Detected
Scraper Detected,Scraper Detected,Scraper Detected
Scraper Detected,Scraper Detected,Scraper Detected
Scraper Detected,Scraper Detected,Scraper Detected
Scraper Detected,Scraper Detected,Scraper Detected
Scraper Detected,Scraper Detected,Scraper Detected
Scraper Detected,Scraper Detected,Scraper Detected
Scraper Detected,Scraper Detected,Scraper Detected
Scraper Detected,Scraper Detected,Scraper Detected
Scraper Detected,Scraper Detected,Scraper Detected
Scraper Detected,Scraper Detected,Scraper Detected
Scraper Detected,Scraper Detected,Scraper Detected
Scraper Detected,Scraper Detected,Scraper Detected
Scraper Detected,Scraper Detected,Scraper Detected
Scraper Detected,Scraper Detected,Scraper Detected
Scraper Detected,Scraper Detected,Scraper Detected
Scraper Detected,Scraper Detected,Scraper Detected
Scraper Detected,Scraper Detected,Scraper Detected
Scraper Detected,Scraper Detected,Scraper Detected
Scraper Detected,Scraper Detected,Scraper Detected
Scraper Detected,Scraper Detected,Scraper Detected
Scraper Detected,Scraper Detected,Scraper Detected
Scraper Detected,Scraper Detected,Scraper Detected
Scraper Detected,Scraper Detected,Scraper Detected
Scraper Detected,Scraper Detected,Scraper Detected
Scraper Detected,Scraper Detected,Scraper Detected
Scraper Detected,Scraper Detected,Scraper Detected
Scraper Detected,Scraper Detected,Scraper Detected
Scraper Detected,Scraper Detected,Scraper Detected
Scraper Detected,Scraper Detected,Scraper Detected
Scraper Detected,Scraper Detected,Scraper Detected
Scraper Detected,Scraper Detected,Scraper Detected
Scraper Detected,Scraper Detected,Scraper Detected
Scraper Detected,Scraper Detected,Scraper Detected
Scraper Detected,Scraper Detected,Scraper Detected
Scraper Detected,Scraper Detected,Scraper Detected
Scraper Detected,Scraper Detected,Scraper Detected
Scraper Detected,Scraper Detected,Scraper Detected
Scraper Detected,Scraper Detected,Scraper Detected
Scraper Detected,Scraper Detected,Scraper Detected
Scraper Detected,Scraper Detected,Scraper Detected
Scraper Detected,Scraper Detected,Scraper Detected
Scraper Detected,Scraper Detected,Scraper Detected
Scraper Detected,Scraper Detected,Scraper Detected
Scraper Detected,Scraper Detected,Scraper Detected
Scraper Detected,Scraper Detected,Scraper Detected
Scraper Detected,Scraper Detected,Scraper Detected
Scraper Detected,Scraper Detected,Scraper Detected
Scraper Detected,Scraper Detected,Scraper Detected
Scraper Detected,Scraper Detected,Scraper Detected
Scraper Detected,Scraper Detected,Scraper Detected
Scraper Detected,Scraper Detected,Scraper Detected
Scraper Detected,Scraper Detected,Scraper Detected
Scraper Detected,Scraper Detected,Scraper Detected
Scraper Detected,Scraper Detected,Scraper Detected
Scraper Detected,Scraper Detected,Scraper Detected
Scraper Detected,Scraper Detected,Scraper Detected
Scraper Detected,Scraper Detected,Scraper Detected
Scraper Detected,Scraper Detected,Scraper Detected
Scraper Detected,Scraper Detected,Scraper Detected
Scraper Detected,Scraper Detected,Scraper Detected
Scraper Detected,Scraper Detected,Scraper Detected
Scraper Detected,Scraper Detected,Scraper Detected
Scraper Detected,Scraper Detected,Scraper Detected
Scraper Detected,Scraper Detected,Scraper Detected
Scraper Detected,Scraper Detected,Scraper Detected
Scraper Detected,Scraper Detected,Scraper Detected
Scraper Detected,Scraper Detected,Scraper Detected
Scraper Detected,Scraper Detected,Scraper Detected
Scraper Detected,Scraper Detected,Scraper Detected
Scraper Detected,Scraper Detected,Scraper Detected
Scraper Detected,Scraper Detected,Scraper Detected
Scraper Detected,Scraper Detected,Scraper Detected
Scraper Detected,Scraper Detected,Scraper Detected
Scraper Detected,Scraper Detected,Scraper Detected
Scraper Detected,Scraper Detected,Scraper Detected
Scraper Detected,Scraper Detected,Scraper Detected
Scraper Detected,Scraper Detected,Scraper Detected
Scraper Detected,Scraper Detected,Scraper Detected
Scraper Detected,Scraper Detected,Scraper Detected
Scraper Detected,Scraper Detected,Scraper Detected
Scraper Detected,Scraper Detected,Scraper Detected
Scraper Detected,Scraper Detected,Scraper Detected
Scraper Detected,Scraper Detected,Scraper Detected
Scraper Detected,Scraper Detected,Scraper Detected
Scraper Detected,Scraper Detected,Scraper Detected
Scraper Detected,Scraper Detected,Scraper Detected
Scraper Detected,Scraper Detected,Scraper Detected
Scraper Detected,Scraper Detected,Scraper Detected
Scraper Detected,Scraper Detected,Scraper Detected
Scraper Detected,Scraper Detected,Scraper Detected
Scraper Detected,Scraper Detected,Scraper Detected
Scraper Detected,Scraper Detected,Scraper Detected
Scraper Detected,Scraper Detected,Scraper Detected
Scraper Detected,Scraper Detected,Scraper Detected
Scraper Detected,Scraper Detected,Scraper Detected
Scraper Detected,Scraper Detected,Scraper Detected
Scraper Detected,Scraper Detected,Scraper Detected
Scraper Detected,Scraper Detected,Scraper Detected
Scraper Detected,Scraper Detected,Scraper Detected
Scraper Detected,Scraper Detected,Scraper Detected
Scraper Detected,Scraper Detected,Scraper Detected
Scraper Detected,Scraper Detected,Scraper Detected
Scraper Detected,Scraper Detected,Scraper Detected
Scraper Detected,Scraper Detected,Scraper Detected
Scraper Detected,Scraper Detected,Scraper Detected
Scraper Detected,Scraper Detected,Scraper Detected
Scraper Detected,Scraper Detected,Scraper Detected
Scraper Detected,Scraper Detected,Scraper Detected
Scraper Detected,Scraper Detected,Scraper Detected
Scraper Detected,Scraper Detected,Scraper Detected
Scraper Detected,Scraper Detected,Scraper Detected
Scraper Detected,Scraper Detected,Scraper Detected
Scraper Detected,Scraper Detected,Scraper Detected
Scraper Detected,Scraper Detected,Scraper Detected
Scraper Detected,Scraper Detected,Scraper Detected
Scraper Detected,Scraper Detected,Scraper Detected
Scraper Detected,Scraper Detected,Scraper Detected
Scraper Detected,Scraper Detected,Scraper Detected
Scraper Detected,Scraper Detected,Scraper Detected
Scraper Detected,Scraper Detected,Scraper Detected
Scraper Detected,Scraper Detected,Scraper Detected
Scraper Detected,Scraper Detected,Scraper Detected
Scraper Detected,Scraper Detected,Scraper Detected
Scraper Detected,Scraper Detected,Scraper Detected
Scraper Detected,Scraper Detected,Scraper Detected
Scraper Detected,Scraper Detected,Scraper Detected
Scraper Detected,Scraper Detected,Scraper Detected
Scraper Detected,Scraper Detected,Scraper Detected
Scraper Detected,Scraper Detected,Scraper Detected
Scraper Detected,Scraper Detected,Scraper Detected
Scraper Detected,Scraper Detected,Scraper Detected
Scraper Detected,Scraper Detected,Scraper Detected
Scraper Detected,Scraper Detected,Scraper Detected
Scraper Detected,Scraper Detected,Scraper Detected
Scraper Detected,Scraper Detected,Scraper Detected
Scraper Detected,Scraper Detected,Scraper Detected
Scraper Detected,Scraper Detected,Scraper Detected
Scraper Detected,Scraper Detected,Scraper Detected
Scraper Detected,Scraper Detected,Scraper Detected
Scraper Detected,Scraper Detected,Scraper Detected
Scraper Detected,Scraper Detected,Scraper Detected
Scraper Detected,Scraper Detected,Scraper Detected
Scraper Detected,Scraper Detected,Scraper Detected
Scraper Detected,Scraper Detected,Scraper Detected
Scraper Detected,Scraper Detected,Scraper Detected
Scraper Detected,Scraper Detected,Scraper Detected
Scraper Detected,Scraper Detected,Scraper Detected
Scraper Detected,Scraper Detected,Scraper Detected
Scraper Detected,Scraper Detected,Scraper Detected
Scraper Detected,Scraper Detected,Scraper Detected
Scraper Detected,Scraper Detected,Scraper Detected
Scraper Detected,Scraper Detected,Scraper Detected
Scraper Detected,Scraper Detected,Scraper Detected
Scraper Detected,Scraper Detected,Scraper Detected
Scraper Detected,Scraper Detected,Scraper Detected
Scraper Detected,Scraper Detected,Scraper Detected
Scraper Detected,Scraper Detected,Scraper Detected
Scraper Detected,Scraper Detected,Scraper Detected
Scraper Detected,Scraper Detected,Scraper Detected
Scraper Detected,Scraper Detected,Scraper Detected
Scraper Detected,Scraper Detected,Scraper Detected
Scraper Detected,Scraper Detected,Scraper Detected
Scraper Detected,Scraper Detected,Scraper Detected
Scraper Detected,Scraper Detected,Scraper Detected
Scraper Detected,Scraper Detected,Scraper Detected
Scraper Detected,Scraper Detected,Scraper Detected
Scraper Detected,Scraper Detected,Scraper Detected
Scraper Detected,Scraper Detected,Scraper Detected
Scraper Detected,Scraper Detected,Scraper Detected
Scraper Detected,Scraper Detected,Scraper Detected
Scraper Detected,Scraper Detected,Scraper Detected
Scraper Detected,Scraper Detected,Scraper Detected
Scraper Detected,Scraper Detected,Scraper Detected
Scraper Detected,Scraper Detected,Scraper Detected
Scraper Detected,Scraper Detected,Scraper Detected
Scraper Detected,Scraper Detected,Scraper Detected
Scraper Detected,Scraper Detected,Scraper Detected
Scraper Detected,Scraper Detected,Scraper Detected
Scraper Detected,Scraper Detected,Scraper Detected
Scraper Detected,Scraper Detected,Scraper Detected
Scraper Detected,Scraper Detected,Scraper Detected
Scraper Detected,Scraper Detected,Scraper Detected
Scraper Detected,Scraper Detected,Scraper Detected
Scraper Detected,Scraper Detected,Scraper Detected
Scraper Detected,Scraper Detected,Scraper Detected
Scraper Detected,Scraper Detected,Scraper Detected
Scraper Detected,Scraper Detected,Scraper Detected
Scraper Detected,Scraper Detected,Scraper Detected
Scraper Detected,Scraper Detected,Scraper Detected
Scraper Detected,Scraper Detected,Scraper Detected
Scraper Detected,Scraper Detected,Scraper Detected
Scraper Detected,Scraper Detected,Scraper Detected
Scraper Detected,Scraper Detected,Scraper Detected
Scraper Detected,Scraper Detected,Scraper Detected
Scraper Detected,Scraper Detected,Scraper Detected
Scraper Detected,Scraper Detected,Scraper Detected
Scraper Detected,Scraper Detected,Scraper Detected
Scraper Detected,Scraper Detected,Scraper Detected
Scraper Detected,Scraper Detected,Scraper Detected
Scraper Detected,Scraper Detected,Scraper Detected
Scraper Detected,Scraper Detected,Scraper Detected
Scraper Detected,Scraper Detected,Scraper Detected
Scraper Detected,Scraper Detected,Scraper Detected
Scraper Detected,Scraper Detected,Scraper Detected
Scraper Detected,Scraper Detected,Scraper Detected
Scraper Detected,Scraper Detected,Scraper Detected
Scraper Detected,Scraper Detected,Scraper Detected
Scraper Detected,Scraper Detected,Scraper Detected
Scraper Detected,Scraper Detected,Scraper Detected
Scraper Detected,Scraper Detected,Scraper Detected
Scraper Detected,Scraper Detected,Scraper Detected
Scraper Detected,Scraper Detected,Scraper Detected
Scraper Detected,Scraper Detected,Scraper Detected
Scraper Detected,Scraper Detected,Scraper Detected
Scraper Detected,Scraper Detected,Scraper Detected
Scraper Detected,Scraper Detected,Scraper Detected
Scraper Detected,Scraper Detected,Scraper Detected
Scraper Detected,Scraper Detected,Scraper Detected
Scraper Detected,Scraper Detected,Scraper Detected
Scraper Detected,Scraper Detected,Scraper Detected
Scraper Detected,Scraper Detected,Scraper Detected
Scraper Detected,Scraper Detected,Scraper Detected
Scraper Detected,Scraper Detected,Scraper Detected
Scraper Detected,Scraper Detected,Scraper Detected
Scraper Detected,Scraper Detected,Scraper Detected
Scraper Detected,Scraper Detected,Scraper Detected
Scraper Detected,Scraper Detected,Scraper Detected
Scraper Detected,Scraper Detected,Scraper Detected
Scraper Detected,Scraper Detected,Scraper Detected
Scraper Detected,Scraper Detected,Scraper Detected
Scraper Detected,Scraper Detected,Scraper Detected
Scraper Detected,Scraper Detected,Scraper Detected
Scraper Detected,Scraper Detected,Scraper Detected
Scraper Detected,Scraper Detected,Scraper Detected
Scraper Detected,Scraper Detected,Scraper Detected
Scraper Detected,Scraper Detected,Scraper Detected
Scraper Detected,Scraper Detected,Scraper Detected
Scraper Detected,Scraper Detected,Scraper Detected
Scraper Detected,Scraper Detected,Scraper Detected
Scraper Detected,Scraper Detected,Scraper Detected
Scraper Detected,Scraper Detected,Scraper Detected
Scraper Detected,Scraper Detected,Scraper Detected
Scraper Detected,Scraper Detected,Scraper Detected
Scraper Detected,Scraper Detected,Scraper Detected
Scraper Detected,Scraper Detected,Scraper Detected
Scraper Detected,Scraper Detected,Scraper Detected
Scraper Detected,Scraper Detected,Scraper Detected